id,група,текст
"letter-a-sound","Буква А","А"
"letter-a-intro","Буква А","Това е А. А като автобус."
"letter-a-trace","Буква А","Проследи буквата А."
"letter-a-write","Буква А","Напиши буквата А."
"letter-a-bravo","Буква А","Браво! Написа А!"
"letter-a-find","Буква А","Намери буквата А."
"letter-a-balloon","Буква А","Спукай балона с буквата А."
"letter-a-today","Буква А","Днес ще научим А!"
"letter-a-alone","Буква А","Сега напиши А без помощ!"
"letter-a-picture","Буква А","Коя картинка започва с А?"
"letter-a-next","Буква А","Сега А."
"letter-a-startswith","Буква А","автобус. С коя буква започва автобус?"
"letter-b-sound","Буква Б","Бъ"
"letter-b-intro","Буква Б","Това е Бъ. Бъ като балон."
"letter-b-trace","Буква Б","Проследи буквата Бъ."
"letter-b-write","Буква Б","Напиши буквата Бъ."
"letter-b-bravo","Буква Б","Браво! Написа Бъ!"
"letter-b-find","Буква Б","Намери буквата Бъ."
"letter-b-balloon","Буква Б","Спукай балона с буквата Бъ."
"letter-b-today","Буква Б","Днес ще научим Бъ!"
"letter-b-alone","Буква Б","Сега напиши Бъ без помощ!"
"letter-b-picture","Буква Б","Коя картинка започва с Бъ?"
"letter-b-next","Буква Б","Сега Бъ."
"letter-b-startswith","Буква Б","балон. С коя буква започва балон?"
"letter-v-sound","Буква В","Въ"
"letter-v-intro","Буква В","Това е Въ. Въ като влак."
"letter-v-trace","Буква В","Проследи буквата Въ."
"letter-v-write","Буква В","Напиши буквата Въ."
"letter-v-bravo","Буква В","Браво! Написа Въ!"
"letter-v-find","Буква В","Намери буквата Въ."
"letter-v-balloon","Буква В","Спукай балона с буквата Въ."
"letter-v-today","Буква В","Днес ще научим Въ!"
"letter-v-alone","Буква В","Сега напиши Въ без помощ!"
"letter-v-picture","Буква В","Коя картинка започва с Въ?"
"letter-v-next","Буква В","Сега Въ."
"letter-v-startswith","Буква В","влак. С коя буква започва влак?"
"letter-g-sound","Буква Г","Гъ"
"letter-g-intro","Буква Г","Това е Гъ. Гъ като гъба."
"letter-g-trace","Буква Г","Проследи буквата Гъ."
"letter-g-write","Буква Г","Напиши буквата Гъ."
"letter-g-bravo","Буква Г","Браво! Написа Гъ!"
"letter-g-find","Буква Г","Намери буквата Гъ."
"letter-g-balloon","Буква Г","Спукай балона с буквата Гъ."
"letter-g-today","Буква Г","Днес ще научим Гъ!"
"letter-g-alone","Буква Г","Сега напиши Гъ без помощ!"
"letter-g-picture","Буква Г","Коя картинка започва с Гъ?"
"letter-g-next","Буква Г","Сега Гъ."
"letter-g-startswith","Буква Г","гъба. С коя буква започва гъба?"
"letter-d-sound","Буква Д","Дъ"
"letter-d-intro","Буква Д","Това е Дъ. Дъ като диня."
"letter-d-trace","Буква Д","Проследи буквата Дъ."
"letter-d-write","Буква Д","Напиши буквата Дъ."
"letter-d-bravo","Буква Д","Браво! Написа Дъ!"
"letter-d-find","Буква Д","Намери буквата Дъ."
"letter-d-balloon","Буква Д","Спукай балона с буквата Дъ."
"letter-d-today","Буква Д","Днес ще научим Дъ!"
"letter-d-alone","Буква Д","Сега напиши Дъ без помощ!"
"letter-d-picture","Буква Д","Коя картинка започва с Дъ?"
"letter-d-next","Буква Д","Сега Дъ."
"letter-d-startswith","Буква Д","диня. С коя буква започва диня?"
"letter-e-sound","Буква Е","Е"
"letter-e-intro","Буква Е","Това е Е. Е като елен."
"letter-e-trace","Буква Е","Проследи буквата Е."
"letter-e-write","Буква Е","Напиши буквата Е."
"letter-e-bravo","Буква Е","Браво! Написа Е!"
"letter-e-find","Буква Е","Намери буквата Е."
"letter-e-balloon","Буква Е","Спукай балона с буквата Е."
"letter-e-today","Буква Е","Днес ще научим Е!"
"letter-e-alone","Буква Е","Сега напиши Е без помощ!"
"letter-e-picture","Буква Е","Коя картинка започва с Е?"
"letter-e-next","Буква Е","Сега Е."
"letter-e-startswith","Буква Е","елен. С коя буква започва елен?"
"letter-zh-sound","Буква Ж","Жъ"
"letter-zh-intro","Буква Ж","Това е Жъ. Жъ като жаба."
"letter-zh-trace","Буква Ж","Проследи буквата Жъ."
"letter-zh-write","Буква Ж","Напиши буквата Жъ."
"letter-zh-bravo","Буква Ж","Браво! Написа Жъ!"
"letter-zh-find","Буква Ж","Намери буквата Жъ."
"letter-zh-balloon","Буква Ж","Спукай балона с буквата Жъ."
"letter-zh-today","Буква Ж","Днес ще научим Жъ!"
"letter-zh-alone","Буква Ж","Сега напиши Жъ без помощ!"
"letter-zh-picture","Буква Ж","Коя картинка започва с Жъ?"
"letter-zh-next","Буква Ж","Сега Жъ."
"letter-zh-startswith","Буква Ж","жаба. С коя буква започва жаба?"
"letter-z-sound","Буква З","Зъ"
"letter-z-intro","Буква З","Това е Зъ. Зъ като зайче."
"letter-z-trace","Буква З","Проследи буквата Зъ."
"letter-z-write","Буква З","Напиши буквата Зъ."
"letter-z-bravo","Буква З","Браво! Написа Зъ!"
"letter-z-find","Буква З","Намери буквата Зъ."
"letter-z-balloon","Буква З","Спукай балона с буквата Зъ."
"letter-z-today","Буква З","Днес ще научим Зъ!"
"letter-z-alone","Буква З","Сега напиши Зъ без помощ!"
"letter-z-picture","Буква З","Коя картинка започва с Зъ?"
"letter-z-next","Буква З","Сега Зъ."
"letter-z-startswith","Буква З","зайче. С коя буква започва зайче?"
"letter-i-sound","Буква И","И"
"letter-i-intro","Буква И","Това е И. И като игла."
"letter-i-trace","Буква И","Проследи буквата И."
"letter-i-write","Буква И","Напиши буквата И."
"letter-i-bravo","Буква И","Браво! Написа И!"
"letter-i-find","Буква И","Намери буквата И."
"letter-i-balloon","Буква И","Спукай балона с буквата И."
"letter-i-today","Буква И","Днес ще научим И!"
"letter-i-alone","Буква И","Сега напиши И без помощ!"
"letter-i-picture","Буква И","Коя картинка започва с И?"
"letter-i-next","Буква И","Сега И."
"letter-i-startswith","Буква И","игла. С коя буква започва игла?"
"letter-iy-sound","Буква Й","И кратко"
"letter-iy-intro","Буква Й","Това е И кратко. И кратко като йо-йо."
"letter-iy-trace","Буква Й","Проследи буквата И кратко."
"letter-iy-write","Буква Й","Напиши буквата И кратко."
"letter-iy-bravo","Буква Й","Браво! Написа И кратко!"
"letter-iy-find","Буква Й","Намери буквата И кратко."
"letter-iy-balloon","Буква Й","Спукай балона с буквата И кратко."
"letter-iy-today","Буква Й","Днес ще научим И кратко!"
"letter-iy-alone","Буква Й","Сега напиши И кратко без помощ!"
"letter-iy-picture","Буква Й","Коя картинка започва с И кратко?"
"letter-iy-next","Буква Й","Сега И кратко."
"letter-iy-startswith","Буква Й","йо-йо. С коя буква започва йо-йо?"
"letter-k-sound","Буква К","Къ"
"letter-k-intro","Буква К","Това е Къ. Къ като коте."
"letter-k-trace","Буква К","Проследи буквата Къ."
"letter-k-write","Буква К","Напиши буквата Къ."
"letter-k-bravo","Буква К","Браво! Написа Къ!"
"letter-k-find","Буква К","Намери буквата Къ."
"letter-k-balloon","Буква К","Спукай балона с буквата Къ."
"letter-k-today","Буква К","Днес ще научим Къ!"
"letter-k-alone","Буква К","Сега напиши Къ без помощ!"
"letter-k-picture","Буква К","Коя картинка започва с Къ?"
"letter-k-next","Буква К","Сега Къ."
"letter-k-startswith","Буква К","коте. С коя буква започва коте?"
"letter-l-sound","Буква Л","Лъ"
"letter-l-intro","Буква Л","Това е Лъ. Лъ като лъв."
"letter-l-trace","Буква Л","Проследи буквата Лъ."
"letter-l-write","Буква Л","Напиши буквата Лъ."
"letter-l-bravo","Буква Л","Браво! Написа Лъ!"
"letter-l-find","Буква Л","Намери буквата Лъ."
"letter-l-balloon","Буква Л","Спукай балона с буквата Лъ."
"letter-l-today","Буква Л","Днес ще научим Лъ!"
"letter-l-alone","Буква Л","Сега напиши Лъ без помощ!"
"letter-l-picture","Буква Л","Коя картинка започва с Лъ?"
"letter-l-next","Буква Л","Сега Лъ."
"letter-l-startswith","Буква Л","лъв. С коя буква започва лъв?"
"letter-m-sound","Буква М","Мъ"
"letter-m-intro","Буква М","Това е Мъ. Мъ като мече."
"letter-m-trace","Буква М","Проследи буквата Мъ."
"letter-m-write","Буква М","Напиши буквата Мъ."
"letter-m-bravo","Буква М","Браво! Написа Мъ!"
"letter-m-find","Буква М","Намери буквата Мъ."
"letter-m-balloon","Буква М","Спукай балона с буквата Мъ."
"letter-m-today","Буква М","Днес ще научим Мъ!"
"letter-m-alone","Буква М","Сега напиши Мъ без помощ!"
"letter-m-picture","Буква М","Коя картинка започва с Мъ?"
"letter-m-next","Буква М","Сега Мъ."
"letter-m-startswith","Буква М","мече. С коя буква започва мече?"
"letter-n-sound","Буква Н","Нъ"
"letter-n-intro","Буква Н","Това е Нъ. Нъ като нос."
"letter-n-trace","Буква Н","Проследи буквата Нъ."
"letter-n-write","Буква Н","Напиши буквата Нъ."
"letter-n-bravo","Буква Н","Браво! Написа Нъ!"
"letter-n-find","Буква Н","Намери буквата Нъ."
"letter-n-balloon","Буква Н","Спукай балона с буквата Нъ."
"letter-n-today","Буква Н","Днес ще научим Нъ!"
"letter-n-alone","Буква Н","Сега напиши Нъ без помощ!"
"letter-n-picture","Буква Н","Коя картинка започва с Нъ?"
"letter-n-next","Буква Н","Сега Нъ."
"letter-n-startswith","Буква Н","нос. С коя буква започва нос?"
"letter-o-sound","Буква О","О"
"letter-o-intro","Буква О","Това е О. О като облак."
"letter-o-trace","Буква О","Проследи буквата О."
"letter-o-write","Буква О","Напиши буквата О."
"letter-o-bravo","Буква О","Браво! Написа О!"
"letter-o-find","Буква О","Намери буквата О."
"letter-o-balloon","Буква О","Спукай балона с буквата О."
"letter-o-today","Буква О","Днес ще научим О!"
"letter-o-alone","Буква О","Сега напиши О без помощ!"
"letter-o-picture","Буква О","Коя картинка започва с О?"
"letter-o-next","Буква О","Сега О."
"letter-o-startswith","Буква О","облак. С коя буква започва облак?"
"letter-p-sound","Буква П","Пъ"
"letter-p-intro","Буква П","Това е Пъ. Пъ като пате."
"letter-p-trace","Буква П","Проследи буквата Пъ."
"letter-p-write","Буква П","Напиши буквата Пъ."
"letter-p-bravo","Буква П","Браво! Написа Пъ!"
"letter-p-find","Буква П","Намери буквата Пъ."
"letter-p-balloon","Буква П","Спукай балона с буквата Пъ."
"letter-p-today","Буква П","Днес ще научим Пъ!"
"letter-p-alone","Буква П","Сега напиши Пъ без помощ!"
"letter-p-picture","Буква П","Коя картинка започва с Пъ?"
"letter-p-next","Буква П","Сега Пъ."
"letter-p-startswith","Буква П","пате. С коя буква започва пате?"
"letter-r-sound","Буква Р","Ръ"
"letter-r-intro","Буква Р","Това е Ръ. Ръ като ракета."
"letter-r-trace","Буква Р","Проследи буквата Ръ."
"letter-r-write","Буква Р","Напиши буквата Ръ."
"letter-r-bravo","Буква Р","Браво! Написа Ръ!"
"letter-r-find","Буква Р","Намери буквата Ръ."
"letter-r-balloon","Буква Р","Спукай балона с буквата Ръ."
"letter-r-today","Буква Р","Днес ще научим Ръ!"
"letter-r-alone","Буква Р","Сега напиши Ръ без помощ!"
"letter-r-picture","Буква Р","Коя картинка започва с Ръ?"
"letter-r-next","Буква Р","Сега Ръ."
"letter-r-startswith","Буква Р","ракета. С коя буква започва ракета?"
"letter-s-sound","Буква С","Съ"
"letter-s-intro","Буква С","Това е Съ. Съ като слон."
"letter-s-trace","Буква С","Проследи буквата Съ."
"letter-s-write","Буква С","Напиши буквата Съ."
"letter-s-bravo","Буква С","Браво! Написа Съ!"
"letter-s-find","Буква С","Намери буквата Съ."
"letter-s-balloon","Буква С","Спукай балона с буквата Съ."
"letter-s-today","Буква С","Днес ще научим Съ!"
"letter-s-alone","Буква С","Сега напиши Съ без помощ!"
"letter-s-picture","Буква С","Коя картинка започва с Съ?"
"letter-s-next","Буква С","Сега Съ."
"letter-s-startswith","Буква С","слон. С коя буква започва слон?"
"letter-t-sound","Буква Т","Тъ"
"letter-t-intro","Буква Т","Това е Тъ. Тъ като топка."
"letter-t-trace","Буква Т","Проследи буквата Тъ."
"letter-t-write","Буква Т","Напиши буквата Тъ."
"letter-t-bravo","Буква Т","Браво! Написа Тъ!"
"letter-t-find","Буква Т","Намери буквата Тъ."
"letter-t-balloon","Буква Т","Спукай балона с буквата Тъ."
"letter-t-today","Буква Т","Днес ще научим Тъ!"
"letter-t-alone","Буква Т","Сега напиши Тъ без помощ!"
"letter-t-picture","Буква Т","Коя картинка започва с Тъ?"
"letter-t-next","Буква Т","Сега Тъ."
"letter-t-startswith","Буква Т","топка. С коя буква започва топка?"
"letter-u-sound","Буква У","У"
"letter-u-intro","Буква У","Това е У. У като ухо."
"letter-u-trace","Буква У","Проследи буквата У."
"letter-u-write","Буква У","Напиши буквата У."
"letter-u-bravo","Буква У","Браво! Написа У!"
"letter-u-find","Буква У","Намери буквата У."
"letter-u-balloon","Буква У","Спукай балона с буквата У."
"letter-u-today","Буква У","Днес ще научим У!"
"letter-u-alone","Буква У","Сега напиши У без помощ!"
"letter-u-picture","Буква У","Коя картинка започва с У?"
"letter-u-next","Буква У","Сега У."
"letter-u-startswith","Буква У","ухо. С коя буква започва ухо?"
"letter-f-sound","Буква Ф","Фъ"
"letter-f-intro","Буква Ф","Това е Фъ. Фъ като фея."
"letter-f-trace","Буква Ф","Проследи буквата Фъ."
"letter-f-write","Буква Ф","Напиши буквата Фъ."
"letter-f-bravo","Буква Ф","Браво! Написа Фъ!"
"letter-f-find","Буква Ф","Намери буквата Фъ."
"letter-f-balloon","Буква Ф","Спукай балона с буквата Фъ."
"letter-f-today","Буква Ф","Днес ще научим Фъ!"
"letter-f-alone","Буква Ф","Сега напиши Фъ без помощ!"
"letter-f-picture","Буква Ф","Коя картинка започва с Фъ?"
"letter-f-next","Буква Ф","Сега Фъ."
"letter-f-startswith","Буква Ф","фея. С коя буква започва фея?"
"letter-h-sound","Буква Х","Хъ"
"letter-h-intro","Буква Х","Това е Хъ. Хъ като хляб."
"letter-h-trace","Буква Х","Проследи буквата Хъ."
"letter-h-write","Буква Х","Напиши буквата Хъ."
"letter-h-bravo","Буква Х","Браво! Написа Хъ!"
"letter-h-find","Буква Х","Намери буквата Хъ."
"letter-h-balloon","Буква Х","Спукай балона с буквата Хъ."
"letter-h-today","Буква Х","Днес ще научим Хъ!"
"letter-h-alone","Буква Х","Сега напиши Хъ без помощ!"
"letter-h-picture","Буква Х","Коя картинка започва с Хъ?"
"letter-h-next","Буква Х","Сега Хъ."
"letter-h-startswith","Буква Х","хляб. С коя буква започва хляб?"
"letter-ts-sound","Буква Ц","Цъ"
"letter-ts-intro","Буква Ц","Това е Цъ. Цъ като цвете."
"letter-ts-trace","Буква Ц","Проследи буквата Цъ."
"letter-ts-write","Буква Ц","Напиши буквата Цъ."
"letter-ts-bravo","Буква Ц","Браво! Написа Цъ!"
"letter-ts-find","Буква Ц","Намери буквата Цъ."
"letter-ts-balloon","Буква Ц","Спукай балона с буквата Цъ."
"letter-ts-today","Буква Ц","Днес ще научим Цъ!"
"letter-ts-alone","Буква Ц","Сега напиши Цъ без помощ!"
"letter-ts-picture","Буква Ц","Коя картинка започва с Цъ?"
"letter-ts-next","Буква Ц","Сега Цъ."
"letter-ts-startswith","Буква Ц","цвете. С коя буква започва цвете?"
"letter-ch-sound","Буква Ч","Чъ"
"letter-ch-intro","Буква Ч","Това е Чъ. Чъ като чадър."
"letter-ch-trace","Буква Ч","Проследи буквата Чъ."
"letter-ch-write","Буква Ч","Напиши буквата Чъ."
"letter-ch-bravo","Буква Ч","Браво! Написа Чъ!"
"letter-ch-find","Буква Ч","Намери буквата Чъ."
"letter-ch-balloon","Буква Ч","Спукай балона с буквата Чъ."
"letter-ch-today","Буква Ч","Днес ще научим Чъ!"
"letter-ch-alone","Буква Ч","Сега напиши Чъ без помощ!"
"letter-ch-picture","Буква Ч","Коя картинка започва с Чъ?"
"letter-ch-next","Буква Ч","Сега Чъ."
"letter-ch-startswith","Буква Ч","чадър. С коя буква започва чадър?"
"letter-sh-sound","Буква Ш","Шъ"
"letter-sh-intro","Буква Ш","Това е Шъ. Шъ като шапка."
"letter-sh-trace","Буква Ш","Проследи буквата Шъ."
"letter-sh-write","Буква Ш","Напиши буквата Шъ."
"letter-sh-bravo","Буква Ш","Браво! Написа Шъ!"
"letter-sh-find","Буква Ш","Намери буквата Шъ."
"letter-sh-balloon","Буква Ш","Спукай балона с буквата Шъ."
"letter-sh-today","Буква Ш","Днес ще научим Шъ!"
"letter-sh-alone","Буква Ш","Сега напиши Шъ без помощ!"
"letter-sh-picture","Буква Ш","Коя картинка започва с Шъ?"
"letter-sh-next","Буква Ш","Сега Шъ."
"letter-sh-startswith","Буква Ш","шапка. С коя буква започва шапка?"
"letter-sht-sound","Буква Щ","Щъ"
"letter-sht-intro","Буква Щ","Това е Щъ. Щъ като щъркел."
"letter-sht-trace","Буква Щ","Проследи буквата Щъ."
"letter-sht-write","Буква Щ","Напиши буквата Щъ."
"letter-sht-bravo","Буква Щ","Браво! Написа Щъ!"
"letter-sht-find","Буква Щ","Намери буквата Щъ."
"letter-sht-balloon","Буква Щ","Спукай балона с буквата Щъ."
"letter-sht-today","Буква Щ","Днес ще научим Щъ!"
"letter-sht-alone","Буква Щ","Сега напиши Щъ без помощ!"
"letter-sht-picture","Буква Щ","Коя картинка започва с Щъ?"
"letter-sht-next","Буква Щ","Сега Щъ."
"letter-sht-startswith","Буква Щ","щъркел. С коя буква започва щъркел?"
"letter-er-sound","Буква Ъ","Ъ"
"letter-er-intro","Буква Ъ","Това е Ъ. Ъ като ъгъл."
"letter-er-trace","Буква Ъ","Проследи буквата Ъ."
"letter-er-write","Буква Ъ","Напиши буквата Ъ."
"letter-er-bravo","Буква Ъ","Браво! Написа Ъ!"
"letter-er-find","Буква Ъ","Намери буквата Ъ."
"letter-er-balloon","Буква Ъ","Спукай балона с буквата Ъ."
"letter-er-today","Буква Ъ","Днес ще научим Ъ!"
"letter-er-alone","Буква Ъ","Сега напиши Ъ без помощ!"
"letter-er-picture","Буква Ъ","Коя картинка започва с Ъ?"
"letter-er-next","Буква Ъ","Сега Ъ."
"letter-er-startswith","Буква Ъ","ъгъл. С коя буква започва ъгъл?"
"letter-yer-sound","Буква Ь","Ер малък"
"letter-yer-intro","Буква Ь","Това е Ер малък. Виждаме го в думата синьо."
"letter-yer-trace","Буква Ь","Проследи буквата Ер малък."
"letter-yer-write","Буква Ь","Напиши буквата Ер малък."
"letter-yer-bravo","Буква Ь","Браво! Написа Ер малък!"
"letter-yer-find","Буква Ь","Намери буквата Ер малък."
"letter-yer-balloon","Буква Ь","Спукай балона с буквата Ер малък."
"letter-yer-today","Буква Ь","Днес ще научим Ер малък!"
"letter-yer-alone","Буква Ь","Сега напиши Ер малък без помощ!"
"letter-yer-picture","Буква Ь","В коя картинка се крие Ер малък?"
"letter-yer-next","Буква Ь","Сега Ер малък."
"letter-yu-sound","Буква Ю","Ю"
"letter-yu-intro","Буква Ю","Това е Ю. Ю като юла."
"letter-yu-trace","Буква Ю","Проследи буквата Ю."
"letter-yu-write","Буква Ю","Напиши буквата Ю."
"letter-yu-bravo","Буква Ю","Браво! Написа Ю!"
"letter-yu-find","Буква Ю","Намери буквата Ю."
"letter-yu-balloon","Буква Ю","Спукай балона с буквата Ю."
"letter-yu-today","Буква Ю","Днес ще научим Ю!"
"letter-yu-alone","Буква Ю","Сега напиши Ю без помощ!"
"letter-yu-picture","Буква Ю","Коя картинка започва с Ю?"
"letter-yu-next","Буква Ю","Сега Ю."
"letter-yu-startswith","Буква Ю","юла. С коя буква започва юла?"
"letter-ya-sound","Буква Я","Я"
"letter-ya-intro","Буква Я","Това е Я. Я като ябълка."
"letter-ya-trace","Буква Я","Проследи буквата Я."
"letter-ya-write","Буква Я","Напиши буквата Я."
"letter-ya-bravo","Буква Я","Браво! Написа Я!"
"letter-ya-find","Буква Я","Намери буквата Я."
"letter-ya-balloon","Буква Я","Спукай балона с буквата Я."
"letter-ya-today","Буква Я","Днес ще научим Я!"
"letter-ya-alone","Буква Я","Сега напиши Я без помощ!"
"letter-ya-picture","Буква Я","Коя картинка започва с Я?"
"letter-ya-next","Буква Я","Сега Я."
"letter-ya-startswith","Буква Я","ябълка. С коя буква започва ябълка?"
"number-0-intro","Цифра 0","Това е нула."
"number-0-trace","Цифра 0","Проследи числото нула."
"number-0-write","Цифра 0","Напиши числото Нула."
"number-0-bravo","Цифра 0","Браво! Написа Нула!"
"number-1-intro","Цифра 1","Това е едно."
"number-1-trace","Цифра 1","Проследи числото едно."
"number-1-write","Цифра 1","Напиши числото Едно."
"number-1-bravo","Цифра 1","Браво! Написа Едно!"
"number-2-intro","Цифра 2","Това е две."
"number-2-trace","Цифра 2","Проследи числото две."
"number-2-write","Цифра 2","Напиши числото Две."
"number-2-bravo","Цифра 2","Браво! Написа Две!"
"number-3-intro","Цифра 3","Това е три."
"number-3-trace","Цифра 3","Проследи числото три."
"number-3-write","Цифра 3","Напиши числото Три."
"number-3-bravo","Цифра 3","Браво! Написа Три!"
"number-4-intro","Цифра 4","Това е четири."
"number-4-trace","Цифра 4","Проследи числото четири."
"number-4-write","Цифра 4","Напиши числото Четири."
"number-4-bravo","Цифра 4","Браво! Написа Четири!"
"number-5-intro","Цифра 5","Това е пет."
"number-5-trace","Цифра 5","Проследи числото пет."
"number-5-write","Цифра 5","Напиши числото Пет."
"number-5-bravo","Цифра 5","Браво! Написа Пет!"
"number-6-intro","Цифра 6","Това е шест."
"number-6-trace","Цифра 6","Проследи числото шест."
"number-6-write","Цифра 6","Напиши числото Шест."
"number-6-bravo","Цифра 6","Браво! Написа Шест!"
"number-7-intro","Цифра 7","Това е седем."
"number-7-trace","Цифра 7","Проследи числото седем."
"number-7-write","Цифра 7","Напиши числото Седем."
"number-7-bravo","Цифра 7","Браво! Написа Седем!"
"number-8-intro","Цифра 8","Това е осем."
"number-8-trace","Цифра 8","Проследи числото осем."
"number-8-write","Цифра 8","Напиши числото Осем."
"number-8-bravo","Цифра 8","Браво! Написа Осем!"
"number-9-intro","Цифра 9","Това е девет."
"number-9-trace","Цифра 9","Проследи числото девет."
"number-9-write","Цифра 9","Напиши числото Девет."
"number-9-bravo","Цифра 9","Браво! Написа Девет!"
"word-ma","Остров: МА","ма"
"word-ma-intro","Остров: МА","Това е ма. Напиши ма буква по буква."
"word-ma-bravo","Остров: МА","Браво! Написа ма!"
"word-ba","Остров: БА","ба"
"word-ba-intro","Остров: БА","Това е ба. Напиши ба буква по буква."
"word-ba-bravo","Остров: БА","Браво! Написа ба!"
"word-pa","Остров: ПА","па"
"word-pa-intro","Остров: ПА","Това е па. Напиши па буква по буква."
"word-pa-bravo","Остров: ПА","Браво! Написа па!"
"word-la","Остров: ЛА","ла"
"word-la-intro","Остров: ЛА","Това е ла. Напиши ла буква по буква."
"word-la-bravo","Остров: ЛА","Браво! Написа ла!"
"word-mama","Остров: МАМА","мама"
"word-mama-intro","Остров: МАМА","мама. Напиши мама буква по буква."
"word-mama-bravo","Остров: МАМА","Браво! Написа мама!"
"word-baba","Остров: БАБА","баба"
"word-baba-intro","Остров: БАБА","баба. Напиши баба буква по буква."
"word-baba-bravo","Остров: БАБА","Браво! Написа баба!"
"word-oko","Остров: ОКО","око"
"word-oko-intro","Остров: ОКО","око. Напиши око буква по буква."
"word-oko-bravo","Остров: ОКО","Браво! Написа око!"
"word-dom","Остров: ДОМ","дом"
"word-dom-intro","Остров: ДОМ","дом. Напиши дом буква по буква."
"word-dom-bravo","Остров: ДОМ","Браво! Написа дом!"
"word-kon","Остров: КОН","кон"
"word-kon-intro","Остров: КОН","кон. Напиши кон буква по буква."
"word-kon-bravo","Остров: КОН","Браво! Написа кон!"
"word-zhaba","Остров: ЖАБА","жаба"
"word-zhaba-intro","Остров: ЖАБА","жаба. Напиши жаба буква по буква."
"word-zhaba-bravo","Остров: ЖАБА","Браво! Написа жаба!"
"word-voda","Остров: ВОДА","вода"
"word-voda-intro","Остров: ВОДА","вода. Напиши вода буква по буква."
"word-voda-bravo","Остров: ВОДА","Браво! Написа вода!"
"word-zaek","Остров: ЗАЕК","заек"
"word-zaek-intro","Остров: ЗАЕК","заек. Напиши заек буква по буква."
"word-zaek-bravo","Остров: ЗАЕК","Браво! Написа заек!"
"praise-1","Общи фрази","Браво!"
"praise-2","Общи фрази","Страхотно!"
"praise-3","Общи фрази","Супер!"
"praise-4","Общи фрази","Много добре!"
"praise-5","Общи фрази","Отлично!"
"encourage-1","Общи фрази","Опитай пак."
"encourage-2","Общи фрази","Почти успя!"
"encourage-3","Общи фрази","Можеш го!"
"almost","Общи фрази","Почти! Нека опитаме пак."
"hint-follow","Общи фрази","Следвай звездичката."
"hint-watch","Общи фрази","Гледай как се пише."
"wrong-choice","Общи фрази","Опитай пак!"
"game-over","Общи фрази","Край на играта! Браво!"
"count-them","Общи фрази","Колко са? Напиши числото."
"star-earned","Общи фрази","Нова звезда!"
"sticker-earned","Общи фрази","Нов стикер за албума!"
"locked-node","Общи фрази","Първо мини предишната точка!"
"locked-world","Общи фрази","Този свят се отключва, когато минеш предишния!"
"adventure-listen","Общи фрази","Чуй буквата. Натисни високоговорителя!"
"adventure-done","Общи фрази","Мисията е изпълнена! Ето ти стикер!"
"level-2","Общи фрази","Ниво 2! Браво!"
"level-3","Общи фрази","Ниво 3! Браво!"
"level-4","Общи фрази","Ниво 4! Браво!"
"level-5","Общи фрази","Ниво 5! Браво!"
"level-6","Общи фрази","Ниво 6! Браво!"
"level-7","Общи фрази","Ниво 7! Браво!"
"level-8","Общи фрази","Ниво 8! Браво!"
"level-9","Общи фрази","Ниво 9! Браво!"
"level-10","Общи фрази","Ниво 10! Браво!"
"challenge-done-1","Общи фрази","Предизвикателството е изпълнено!"
"challenge-done-2","Общи фрази","Предизвикателството е изпълнено! 2 дни подред!"
"challenge-done-3","Общи фрази","Предизвикателството е изпълнено! 3 дни подред!"
"challenge-done-4","Общи фрази","Предизвикателството е изпълнено! 4 дни подред!"
"challenge-done-5","Общи фрази","Предизвикателството е изпълнено! 5 дни подред!"
"challenge-done-6","Общи фрази","Предизвикателството е изпълнено! 6 дни подред!"
"challenge-done-7","Общи фрази","Предизвикателството е изпълнено! 7 дни подред!"
"challenge-letters-5","Общи фрази","Напиши 5 букви правилно"
"challenge-games-6","Общи фрази","Познай 6 пъти в игрите"
"challenge-adventure","Общи фрази","Мини Днешното приключение"
"challenge-numbers-4","Общи фрази","Напиши 4 цифри правилно"
"challenge-letters-8","Общи фрази","Напиши 8 букви правилно"
"challenge-words-2","Общи фрази","Напиши 2 срички или думи"
"challenge-games-10","Общи фрази","Познай 10 пъти в игрите"
"greeting-lion","Общи фрази","Здравей! Аз съм Лъвчо. Хайде да играем!"
"greeting-bear","Общи фрази","Здравей! Аз съм Мечо. Хайде да играем!"
"greeting-fox","Общи фрази","Здравей! Аз съм Лиси. Хайде да играем!"
"greeting-robot","Общи фрази","Здравей! Аз съм Роби. Хайде да играем!"
"bought-acc-glasses","Магазин","Купи Слънчеви очила! Супер!"
"bought-acc-bow","Магазин","Купи Панделка! Супер!"
"bought-acc-cap","Магазин","Купи Шапка с козирка! Супер!"
"bought-acc-hat","Магазин","Купи Цилиндър! Супер!"
"bought-acc-flower","Магазин","Купи Цвете! Супер!"
"bought-acc-crown","Магазин","Купи Корона! Супер!"
"bought-bg-meadow","Магазин","Купи Поляна! Супер!"
"bought-bg-sea","Магазин","Купи Море! Супер!"
"bought-bg-candy","Магазин","Купи Бонбонена страна! Супер!"
"bought-bg-space","Магазин","Купи Космос! Супер!"
"bought-toy-ball","Магазин","Купи Топка! Супер!"
"bought-toy-bear","Магазин","Купи Мече! Супер!"
"bought-toy-train","Магазин","Купи Влакче! Супер!"
"bought-toy-kite","Магазин","Купи Хвърчило! Супер!"
"bought-toy-blocks","Магазин","Купи Кубчета! Супер!"
"bought-toy-rocket","Магазин","Купи Ракета! Супер!"
"bought-toy-castle","Магазин","Купи Замък! Супер!"
"bought-friend-bear","Магазин","Купи Мечо! Супер!"
"bought-friend-fox","Магазин","Купи Лиси! Супер!"
"bought-friend-robot","Магазин","Купи Роби! Супер!"
